#seqname	start	stop	tags	lineage	ref	alt
NC_000962.3	324	324	freschi_2020	4.6.2.1.1.2	C	G
NC_000962.3	1131	1131	Napier_2020	4.2.2.1	NA	A
NC_000962.3	4086	4086	shitikov_2017	europe/russia_B0/W148_outbreak	G	T
NC_000962.3	4206	4206	Napier_2020	4.1.3	NA	T
NC_000962.3	9944	9944	Napier_2020	4.2.2	NA	C
NC_000962.3	10360	10360	Napier_2020	1.2.2.1	NA	C
NC_000962.3	10727	10727	Napier_2020	La1.8	NA	G
NC_000962.3	12204	12204	Napier_2020	3	NA	A
NC_000962.3	12234	12234	Napier_2020	1.1.2	NA	G
NC_000962.3	12555	12555	Napier_2020	4.5	NA	T
NC_000962.3	13175	13175	Napier_2020	1.2.1.2	NA	G
NC_000962.3	13529	13529	Napier_2020	5.1.3	NA	A
NC_000962.3	14251	14251	Napier_2020	4.3	NA	A
NC_000962.3	15036	15036	Napier_2020	4.4.1.1.1	NA	G
NC_000962.3	15177	15177	freschi_2020	1.1.3	C	G
NC_000962.3	15890	15890	freschi_2020	2.2.2	G	A
NC_000962.3	16526	16526	freschi_2020	1.2.1.1	C	T
NC_000962.3	16727	16727	freschi_2020	3.2.2	G	A
NC_000962.3	17225	17225	freschi_2020	4.1.i1.1.1.2	C	G
NC_000962.3	17665	17665	Napier_2020	4.6.5	NA	A
NC_000962.3	17842	17842	freschi_2020	3.1.2	G	C
NC_000962.3	17842	17842	Napier_2020	3.1.3	NA	C
NC_000962.3	18091	18091	freschi_2020	4.6	G	A
NC_000962.3	18091	18091	Napier_2020	4.6	NA	A
NC_000962.3	19947	19947	Napier_2020	6.1.2	NA	A
NC_000962.3	20407	20407	Napier_2020	1.2.2	NA	A
NC_000962.3	22807	22807	Napier_2020	5.2	NA	T
NC_000962.3	23297	23297	Napier_2020	La1.3	NA	T
NC_000962.3	24035	24035	freschi_2020	4.6.2.2	G	A
NC_000962.3	25139	25139	Napier_2020	1.1.3.2	NA	G
NC_000962.3	25306	25306	Napier_2020	La1.8.1	NA	G
NC_000962.3	26300	26300	Napier_2020	4.1.1.2	NA	C
NC_000962.3	28439	28439	Napier_2020	1.2.1.1	NA	C
NC_000962.3	30312	30312	Napier_2020	6.1.2	NA	A
NC_000962.3	32581	32581	Napier_2020	4.1.3	NA	T
NC_000962.3	32773	32773	Napier_2020	1.2.2	NA	A
NC_000962.3	34605	34605	Napier_2020	3.1.2	NA	A
NC_000962.3	37241	37241	Napier_2020	6.2	NA	A
NC_000962.3	39158	39158	Napier_2020	2	NA	G
NC_000962.3	45073	45073	freschi_2020	4.4.2	G	A
NC_000962.3	47699	47699	Napier_2020	4.3.2	NA	A
NC_000962.3	47978	47978	Napier_2020	6.2.2	NA	T
NC_000962.3	49079	49079	Napier_2020	4.6.2	NA	G
NC_000962.3	51459	51459	Napier_2020	La1.5	NA	C
NC_000962.3	54304	54304	Napier_2020	4.6	NA	T
NC_000962.3	56604	56604	Napier_2020	4.4.1.2	NA	A
NC_000962.3	57162	57162	Napier_2020	5.1.5	NA	T
NC_000962.3	58786	58786	Napier_2020	4.1.4	NA	C
NC_000962.3	60297	60297	Napier_2020	1.2.2.1	NA	C
NC_000962.3	61842	61842	freschi_2020	1.2.2.1	T	C
NC_000962.3	61842	61842	Napier_2020	1.2.2.2	NA	C
NC_000962.3	62657	62657	coll_2014	4.1	G	A
NC_000962.3	63850	63850	freschi_2020	3.2	T	C
NC_000962.3	64028	64028	freschi_2020	1	C	T
NC_000962.3	64325	64325	freschi_2020	4.1.i2.2	G	A
NC_000962.3	65811	65811	Napier_2020	6.1.1	NA	T
NC_000962.3	67076	67076	Napier_2020	La1.3	NA	T
NC_000962.3	67813	67813	Napier_2020	1.2.1.1	NA	A
NC_000962.3	67969	67969	Napier_2020	1.1.3.3	NA	T
NC_000962.3	68227	68227	Napier_2020	6.3	NA	T
NC_000962.3	68688	68688	Napier_2020	4.4.1.1.1	NA	T
NC_000962.3	69342	69342	Napier_2020	4.6.2.2	NA	A
NC_000962.3	69873	69873	Napier_2020	4.1.1.1	NA	A
NC_000962.3	69984	69984	Napier_2020	3	NA	A
NC_000962.3	71499	71499	Napier_2020	5.1.5	NA	T
NC_000962.3	71636	71636	Napier_2020	5.1.2	NA	T
NC_000962.3	74956	74956	Napier_2020	4.2.2	NA	C
NC_000962.3	78093	78093	Napier_2020	6.3	NA	A
NC_000962.3	83842	83842	Napier_2020	4.1.2	NA	A
NC_000962.3	85985	85985	Napier_2020	3.1.1	NA	C
NC_000962.3	88764	88764	Napier_2020	1.2.2.2	NA	T
NC_000962.3	90229	90229	Napier_2020	4.9.1	NA	T
NC_000962.3	90370	90370	Napier_2020	4.1.4	NA	T
NC_000962.3	93044	93044	Napier_2020	4.6.2.2	NA	A
NC_000962.3	94019	94019	Napier_2020	5.1.5	NA	C
NC_000962.3	97898	97898	Napier_2020	9	NA	T
NC_000962.3	98536	98536	Napier_2020	6.3	NA	T
NC_000962.3	103181	103181	Napier_2020	4.2	NA	G
NC_000962.3	107794	107794	coll_2014	4.1.2.1	C	T
NC_000962.3	107794	107794	Napier_2020	4.1.2.1	NA	T
NC_000962.3	111851	111851	Napier_2020	4.6.3	NA	A
NC_000962.3	112490	112490	Napier_2020	5.1.5	NA	T
NC_000962.3	112958	112958	Napier_2020	4.1.2.1.1	NA	A
NC_000962.3	117295	117295	Napier_2020	1.1	NA	A
NC_000962.3	118468	118468	Napier_2020	La1.7	NA	T
NC_000962.3	118469	118469	freschi_2020	4.6.2.1.1.1	G	A
NC_000962.3	119600	119600	Napier_2020	4.9.1	NA	G
NC_000962.3	121463	121463	Napier_2020	4.2.2.1	NA	T
NC_000962.3	122794	122794	Napier_2020	4.6	NA	G
NC_000962.3	126249	126249	freschi_2020	4.6.2.1.1.1.2	C	A
NC_000962.3	128264	128264	Napier_2020	La1.2.BCG	NA	G
NC_000962.3	129852	129852	Napier_2020	4.1.4	NA	T
NC_000962.3	130449	130449	Napier_2020	4.6.1.2	NA	A
NC_000962.3	135329	135329	Napier_2020	2.2.1	NA	T
NC_000962.3	135695	135695	Napier_2020	4.4.1.1.1	NA	A
NC_000962.3	136351	136351	Napier_2020	6.2.2	NA	A
NC_000962.3	136732	136732	Napier_2020	6.1.2	NA	T
NC_000962.3	138788	138788	Napier_2020	4.6.1.2	NA	T
NC_000962.3	142317	142317	Napier_2020	4.6.2.2	NA	T
NC_000962.3	143535	143535	Napier_2020	9	NA	T
NC_000962.3	144390	144390	Napier_2020	4.1.1.3	NA	A
NC_000962.3	147655	147655	Napier_2020	4.3.2.1	NA	C
NC_000962.3	152092	152092	Napier_2020	4.2.2.1	NA	T
NC_000962.3	154051	154051	Napier_2020	1.2.2	NA	G
NC_000962.3	154990	154990	Napier_2020	2.2.2	NA	T
NC_000962.3	155293	155293	Napier_2020	4.1.1.3	NA	A
NC_000962.3	155555	155555	Napier_2020	4.6.5	NA	T
NC_000962.3	162581	162581	Napier_2020	4.3	NA	A
NC_000962.3	163705	163705	Napier_2020	2.2.1	NA	T
NC_000962.3	164682	164682	Napier_2020	1.1.3.2	NA	T
NC_000962.3	166348	166348	Napier_2020	4.6.2.2	NA	C
NC_000962.3	176821	176821	Napier_2020	4.6.4	NA	G
NC_000962.3	184254	184254	Napier_2020	4.1.3	NA	C
NC_000962.3	187285	187285	Napier_2020	1.1.3.2	NA	C
NC_000962.3	187342	187342	Napier_2020	3.1.2.2	NA	C
NC_000962.3	191218	191218	Napier_2020	5.1.3	NA	C
NC_000962.3	193735	193735	Napier_2020	4.2.2	NA	G
NC_000962.3	195682	195682	Napier_2020	2.2	NA	G
NC_000962.3	197047	197047	Napier_2020	4.3.4.1	NA	G
NC_000962.3	197397	197397	Napier_2020	4.4.1	NA	C
NC_000962.3	201123	201123	Napier_2020	4.1.1.1	NA	C
NC_000962.3	201896	201896	Napier_2020	4.7	NA	G
NC_000962.3	202715	202715	Napier_2020	6.2	NA	G
NC_000962.3	203214	203214	Napier_2020	6.1.3	NA	C
NC_000962.3	204724	204724	Napier_2020	1.2.2.1	NA	A
NC_000962.3	205402	205402	Napier_2020	4.3.1	NA	T
NC_000962.3	206481	206481	Napier_2020	4	NA	C
NC_000962.3	208710	208710	Napier_2020	4.4.1.1.1	NA	A
NC_000962.3	208782	208782	Napier_2020	2.1	NA	C
NC_000962.3	211576	211576	Napier_2020	4.2.1.1	NA	A
NC_000962.3	212244	212244	Napier_2020	4.8	NA	A
NC_000962.3	214036	214036	Napier_2020	4.8.3	NA	T
NC_000962.3	215613	215613	Napier_2020	4.6.1.1	NA	A
NC_000962.3	215977	215977	Napier_2020	2.2.1	NA	T
NC_000962.3	216469	216469	Napier_2020	2.1	NA	T
NC_000962.3	217306	217306	Napier_2020	4.2	NA	G
NC_000962.3	219755	219755	Napier_2020	9	NA	T
NC_000962.3	220104	220104	Napier_2020	La1.8.X-unk6	NA	T
NC_000962.3	221190	221190	Napier_2020	8	NA	T
NC_000962.3	223627	223627	Napier_2020	4.3.1.1	NA	A
NC_000962.3	224901	224901	Napier_2020	4.4.1.1	NA	G
NC_000962.3	225039	225039	Napier_2020	1.1.2	NA	A
NC_000962.3	225495	225495	Napier_2020	4.3.4.2.1	NA	C
NC_000962.3	225657	225657	Napier_2020	5.3	NA	A
NC_000962.3	230258	230258	Napier_2020	9	NA	T
NC_000962.3	231261	231261	Napier_2020	5.1.3	NA	A
NC_000962.3	234695	234695	Napier_2020	4.1.3	NA	T
NC_000962.3	240754	240754	Napier_2020	5.1.3	NA	G
NC_000962.3	247552	247552	Napier_2020	6.1.2	NA	A
NC_000962.3	252495	252495	Napier_2020	4.6.3	NA	A
NC_000962.3	252900	252900	Napier_2020	2.2.2	NA	T
NC_000962.3	253969	253969	Napier_2020	4.1.1.1	NA	A
NC_000962.3	255225	255225	Napier_2020	4.1.2.1.1	NA	A
NC_000962.3	257041	257041	Napier_2020	4.9.1	NA	T
NC_000962.3	260802	260802	Napier_2020	5.2	NA	A
NC_000962.3	261628	261628	Napier_2020	5.3	NA	C
NC_000962.3	262868	262868	Napier_2020	4.8.3	NA	G
NC_000962.3	263057	263057	Napier_2020	1.2.1.2	NA	G
NC_000962.3	264535	264535	Napier_2020	1.1.3.3	NA	T
NC_000962.3	265968	265968	Napier_2020	4.1.1	NA	G
NC_000962.3	266115	266115	Napier_2020	4.1.1.2	NA	T
NC_000962.3	270362	270362	Napier_2020	8	NA	A
NC_000962.3	272678	272678	Napier_2020	1	NA	T
NC_000962.3	274930	274930	Napier_2020	4.1.1.2	NA	A
NC_000962.3	276363	276363	Napier_2020	6.1.1	NA	T
NC_000962.3	278189	278189	Napier_2020	1.1.1	NA	C
NC_000962.3	279803	279803	Napier_2020	5.1.1	NA	T
NC_000962.3	281208	281208	Napier_2020	1.1	NA	T
NC_000962.3	281316	281316	Napier_2020	4.5	NA	T
NC_000962.3	281664	281664	Napier_2020	4.6.3	NA	G
NC_000962.3	282486	282486	Napier_2020	1.2.1.1	NA	A
NC_000962.3	282892	282892	freschi_2020	2	C	T
NC_000962.3	282892	282892	Napier_2020	2	NA	T
NC_000962.3	284623	284623	Napier_2020	4.1	NA	A
NC_000962.3	285096	285096	Napier_2020	1.1.3.2	NA	T
NC_000962.3	286300	286300	Napier_2020	4.1.1.3.1	NA	A
NC_000962.3	288173	288173	Napier_2020	3.1.2.2	NA	C
NC_000962.3	288952	288952	Napier_2020	La1.8	NA	T
NC_000962.3	292634	292634	Napier_2020	4.8.3	NA	G
NC_000962.3	294596	294596	Napier_2020	2.2.2	NA	G
NC_000962.3	294935	294935	Napier_2020	6.2.3	NA	A
NC_000962.3	297396	297396	Napier_2020	1.2.1.2.1	NA	A
NC_000962.3	298596	298596	Napier_2020	6.3	NA	C
NC_000962.3	300111	300111	Napier_2020	2.1	NA	G
NC_000962.3	302191	302191	Napier_2020	5.1.5	NA	T
NC_000962.3	303111	303111	Napier_2020	6.3.1	NA	A
NC_000962.3	303414	303414	Napier_2020	1.2.1	NA	T
NC_000962.3	304050	304050	Napier_2020	1.1.3.1	NA	C
NC_000962.3	305346	305346	Napier_2020	4.1.4	NA	T
NC_000962.3	305455	305455	Napier_2020	1.1.3.1	NA	A
NC_000962.3	306113	306113	Napier_2020	4.8.1	NA	T
NC_000962.3	306639	306639	Napier_2020	4.2.1	NA	C
NC_000962.3	311380	311380	Napier_2020	6.2.2	NA	C
NC_000962.3	311613	311613	Napier_2020	4.9	NA	G
NC_000962.3	312944	312944	Napier_2020	4.6	NA	T
NC_000962.3	313425	313425	Napier_2020	1.1.1	NA	T
NC_000962.3	313605	313605	Napier_2020	La1.7.1	NA	A
NC_000962.3	314338	314338	Napier_2020	4.2.1	NA	G
NC_000962.3	317045	317045	Napier_2020	1.1.3	NA	A
NC_000962.3	318068	318068	Napier_2020	La1.2	NA	T
NC_000962.3	321558	321558	Napier_2020	2.1	NA	T
NC_000962.3	323526	323526	Napier_2020	1.1.3.2	NA	G
NC_000962.3	324662	324662	Napier_2020	4.3.1.1	NA	T
NC_000962.3	325038	325038	Napier_2020	4.6	NA	A
NC_000962.3	326039	326039	Napier_2020	4.3.2	NA	T
NC_000962.3	327232	327232	Napier_2020	La3	NA	C
NC_000962.3	328641	328641	Napier_2020	4.1.1.3	NA	T
NC_000962.3	329079	329079	Napier_2020	6.3	NA	G
NC_000962.3	342201	342201	freschi_2020	4.4.1.2	C	G
NC_000962.3	342340	342340	Napier_2020	4.1.2.1	NA	T
NC_000962.3	342873	342873	freschi_2020	3	C	T
NC_000962.3	342873	342873	Napier_2020	3	NA	T
NC_000962.3	343092	343092	Napier_2020	3.1.2.2	NA	T
NC_000962.3	343314	343314	Napier_2020	8	NA	T
NC_000962.3	344288	344288	Napier_2020	1	NA	G
NC_000962.3	344414	344414	Napier_2020	8	NA	C
NC_000962.3	345317	345317	Napier_2020	5	NA	C
NC_000962.3	345697	345697	Napier_2020	4.4.1.2	NA	T
NC_000962.3	346486	346486	freschi_2020	4.6.1.2	C	T
NC_000962.3	346693	346693	coll_2014	2.2.2	G	T
NC_000962.3	346693	346693	Napier_2020	2.2.2	NA	T
NC_000962.3	346898	346898	Napier_2020	3.1.2.2	NA	T
NC_000962.3	347977	347977	Napier_2020	8	NA	C
NC_000962.3	349081	349081	Napier_2020	7	NA	A
NC_000962.3	352646	352646	Napier_2020	5	NA	A
NC_000962.3	353766	353766	Napier_2020	4.2.2	NA	C
NC_000962.3	353767	353767	Napier_2020	4.2.2	NA	T
NC_000962.3	354157	354157	freschi_2020	4.1.i2.1	C	T
NC_000962.3	354234	354234	Napier_2020	5.2	NA	A
NC_000962.3	355181	355181	coll_2014	4.4.1.1	G	A
NC_000962.3	355181	355181	freschi_2020	4.4.1.1	G	A
NC_000962.3	355181	355181	Napier_2020	4.4.1.1	NA	A
NC_000962.3	361145	361145	Napier_2020	4.4.1.1	NA	C
NC_000962.3	363464	363464	Napier_2020	2.2	NA	A
NC_000962.3	383081	383081	Napier_2020	4.4.1.1	NA	G
NC_000962.3	393780	393780	Napier_2020	4.3.4.1	NA	G
NC_000962.3	394922	394922	Napier_2020	4.9.1	NA	T
NC_000962.3	403364	403364	coll_2014	4.3.3	G	A
NC_000962.3	403481	403481	Napier_2020	1.1.3.1	NA	T
NC_000962.3	403920	403920	Napier_2020	4.3.3	NA	T
NC_000962.3	405404	405404	freschi_2020	1.2.1.1.2	C	T
NC_000962.3	406389	406389	Napier_2020	1.1	NA	A
NC_000962.3	415693	415693	Napier_2020	3.1.3	NA	A
NC_000962.3	420008	420008	Napier_2020	4.9	NA	A
NC_000962.3	420308	420308	Napier_2020	6.2	NA	T
NC_000962.3	422879	422879	Napier_2020	4.2.1	NA	A
NC_000962.3	423334	423334	Napier_2020	1.1	NA	A
NC_000962.3	435190	435190	Napier_2020	4.1.2	NA	T
NC_000962.3	435708	435708	freschi_2020	4.6.1.1.1.1	G	A
NC_000962.3	436203	436203	Napier_2020	6.2.2	NA	G
NC_000962.3	438444	438444	Napier_2020	La1.6	NA	C
NC_000962.3	441823	441823	freschi_2020	2.2.1.1	C	T
NC_000962.3	442072	442072	Napier_2020	8	NA	A
NC_000962.3	443277	443277	Napier_2020	4.1.2	NA	C
NC_000962.3	446165	446165	Napier_2020	4.1.2	NA	C
NC_000962.3	449194	449194	Napier_2020	2.2.2	NA	A
NC_000962.3	449704	449704	Napier_2020	4.8.1	NA	T
NC_000962.3	455759	455759	Napier_2020	4.4.1.1.1	NA	G
NC_000962.3	457032	457032	Napier_2020	4.3.2.1	NA	C
NC_000962.3	457392	457392	Napier_2020	3.1.3	NA	A
NC_000962.3	458048	458048	Napier_2020	6.3.2	NA	C
NC_000962.3	461439	461439	Napier_2020	6.3.1	NA	A
NC_000962.3	464958	464958	Napier_2020	5.1	NA	T
NC_000962.3	465300	465300	Napier_2020	2.2	NA	T
NC_000962.3	465837	465837	Napier_2020	1.2.1.1	NA	A
NC_000962.3	465864	465864	Napier_2020	6.2	NA	T
NC_000962.3	471576	471576	Napier_2020	La1.4	NA	C
NC_000962.3	472124	472124	Napier_2020	1.2.1.1	NA	T
NC_000962.3	472898	472898	Napier_2020	5.1.1	NA	A
NC_000962.3	479632	479632	Napier_2020	4.3.3	NA	T
NC_000962.3	481569	481569	Napier_2020	4.2.1.1	NA	A
NC_000962.3	483489	483489	Napier_2020	1.2.2	NA	A
NC_000962.3	485434	485434	Napier_2020	4.1.4	NA	A
NC_000962.3	488778	488778	freschi_2020	4.3.i1	C	T
NC_000962.3	488796	488796	Napier_2020	4.6.1	NA	A
NC_000962.3	489024	489024	Napier_2020	5.1	NA	T
NC_000962.3	489240	489240	Napier_2020	2.1	NA	G
NC_000962.3	490376	490376	Napier_2020	6.3.2	NA	T
NC_000962.3	492769	492769	Napier_2020	5.1.5	NA	T
NC_000962.3	495104	495104	Napier_2020	4.1.1.2	NA	T
NC_000962.3	495692	495692	Napier_2020	6.2.3	NA	A
NC_000962.3	497491	497491	coll_2014	2	G	A
NC_000962.3	498010	498010	Napier_2020	1.1.2	NA	C
NC_000962.3	498531	498531	Napier_2020	4	NA	A
NC_000962.3	501615	501615	freschi_2020	4.1.i1.2	C	G
NC_000962.3	506386	506386	Napier_2020	4.4.1.1	NA	C
NC_000962.3	511350	511350	Napier_2020	5.3	NA	A
NC_000962.3	514245	514245	coll_2014	4.1.1	C	T
NC_000962.3	514245	514245	Napier_2020	4.1.1	NA	T
NC_000962.3	522053	522053	Napier_2020	2.1	NA	A
NC_000962.3	528781	528781	Napier_2020	1.2.1.2	NA	A
NC_000962.3	529363	529363	freschi_2020	1.1.1	C	T
NC_000962.3	529363	529363	Napier_2020	1.1.1	NA	T
NC_000962.3	533328	533328	Napier_2020	La2	NA	A
NC_000962.3	533547	533547	Napier_2020	2.2.1	NA	G
NC_000962.3	534205	534205	Napier_2020	5.1	NA	T
NC_000962.3	534691	534691	Napier_2020	4.3	NA	T
NC_000962.3	535695	535695	Napier_2020	4.3.3	NA	T
NC_000962.3	540940	540940	Napier_2020	La1.7	NA	C
NC_000962.3	541048	541048	coll_2014	4.1.1.2	T	G
NC_000962.3	541201	541201	Napier_2020	4.9	NA	A
NC_000962.3	541869	541869	Napier_2020	6.2.2	NA	T
NC_000962.3	545117	545117	Napier_2020	4.8.1	NA	A
NC_000962.3	545403	545403	Napier_2020	La1.8.X-unk6	NA	T
NC_000962.3	546357	546357	Napier_2020	4	NA	A
NC_000962.3	550573	550573	Napier_2020	4.3.4.2.1	NA	C
NC_000962.3	550976	550976	Napier_2020	5.1.2	NA	G
NC_000962.3	551419	551419	Napier_2020	4.1.4	NA	G
NC_000962.3	552361	552361	Napier_2020	1.2.2	NA	A
NC_000962.3	554493	554493	Napier_2020	5.1	NA	A
NC_000962.3	556961	556961	Napier_2020	4.9.1	NA	T
NC_000962.3	559350	559350	Napier_2020	1.1.2	NA	A
NC_000962.3	561021	561021	Napier_2020	4.6.2	NA	A
NC_000962.3	567446	567446	Napier_2020	1.1.2	NA	A
NC_000962.3	569045	569045	Napier_2020	1.1.2	NA	T
NC_000962.3	571943	571943	Napier_2020	4.3.4	NA	A
NC_000962.3	576077	576077	Napier_2020	4.2.2	NA	T
NC_000962.3	578032	578032	Napier_2020	4.6.1.2	NA	T
NC_000962.3	590250	590250	Napier_2020	4.1.4	NA	T
NC_000962.3	590595	590595	Napier_2020	1.2.1.1	NA	A
NC_000962.3	594027	594027	Napier_2020	4.1.1.2	NA	T
NC_000962.3	594057	594057	Napier_2020	La1.5	NA	A
NC_000962.3	596475	596475	Napier_2020	1.2.2.2	NA	T
NC_000962.3	599577	599577	Napier_2020	6.1.2	NA	T
NC_000962.3	599868	599868	Napier_2020	4	NA	A
NC_000962.3	606376	606376	Napier_2020	4.6.3	NA	A
NC_000962.3	608179	608179	Napier_2020	4.1.1.2	NA	T
NC_000962.3	609254	609254	Napier_2020	4.2.1	NA	T
NC_000962.3	611463	611463	Napier_2020	4.2.2.2	NA	A
NC_000962.3	615614	615614	coll_2014	4.3.1	C	A
NC_000962.3	615938	615938	coll_2014	1	G	A
NC_000962.3	616408	616408	Napier_2020	4.8.3	NA	G
NC_000962.3	617988	617988	Napier_2020	5.1.4	NA	T
NC_000962.3	620029	620029	Napier_2020	4.5	NA	T
NC_000962.3	622547	622547	Napier_2020	4.6.3	NA	T
NC_000962.3	632330	632330	Napier_2020	4.3.4.2	NA	T
NC_000962.3	633631	633631	Napier_2020	1.1.3.3	NA	T
NC_000962.3	635139	635139	freschi_2020	3.1.1	G	C
NC_000962.3	636624	636624	Napier_2020	La1.7.X-unk4	NA	T
NC_000962.3	637730	637730	Napier_2020	4.1.2.1	NA	T
NC_000962.3	638212	638212	Napier_2020	4.2.1.1	NA	T
NC_000962.3	646243	646243	Napier_2020	4.3.2	NA	C
NC_000962.3	646531	646531	Napier_2020	1	NA	T
NC_000962.3	648465	648465	Napier_2020	2.1	NA	G
NC_000962.3	649844	649844	freschi_2020	2.2.1.2	C	T
NC_000962.3	651772	651772	Napier_2020	4.4.1	NA	A
NC_000962.3	652950	652950	Napier_2020	3	NA	C
NC_000962.3	654996	654996	Napier_2020	1.2.1	NA	T
NC_000962.3	656298	656298	Napier_2020	6.2.3	NA	G
NC_000962.3	662911	662911	Napier_2020	4	NA	T
NC_000962.3	663077	663077	Napier_2020	6.2.3	NA	A
NC_000962.3	665902	665902	Napier_2020	6.2	NA	T
NC_000962.3	666745	666745	Napier_2020	4.8.2	NA	A
NC_000962.3	670804	670804	Napier_2020	6.3.2	NA	A
NC_000962.3	671385	671385	Napier_2020	2.2.1.1	NA	G
NC_000962.3	681313	681313	Napier_2020	4.8.2	NA	T
NC_000962.3	685578	685578	Napier_2020	1.1.3.1	NA	A
NC_000962.3	685869	685869	Napier_2020	4.6.1	NA	A
NC_000962.3	687189	687189	Napier_2020	4.1.3	NA	G
NC_000962.3	693521	693521	Napier_2020	9	NA	T
NC_000962.3	701867	701867	Napier_2020	1.1.1	NA	T
NC_000962.3	703722	703722	Napier_2020	4.1.1.3.1	NA	G
NC_000962.3	705062	705062	Napier_2020	4.4.1.1	NA	C
NC_000962.3	705570	705570	Napier_2020	1.1	NA	T
NC_000962.3	705595	705595	Napier_2020	4.3.2	NA	T
NC_000962.3	709493	709493	Napier_2020	4.8.3	NA	T
NC_000962.3	709657	709657	Napier_2020	5.1.4	NA	C
NC_000962.3	711155	711155	Napier_2020	1.1.2	NA	A
NC_000962.3	715517	715517	Napier_2020	5.1.1	NA	T
NC_000962.3	716918	716918	Napier_2020	4.7	NA	A
NC_000962.3	717879	717879	Napier_2020	1.2.2.1	NA	A
NC_000962.3	721581	721581	Napier_2020	5.1.2	NA	G
NC_000962.3	723565	723565	Napier_2020	4.1.3	NA	C
NC_000962.3	724339	724339	Napier_2020	4.1.3	NA	T
NC_000962.3	729357	729357	Napier_2020	1.2.2.2	NA	T
NC_000962.3	731015	731015	Napier_2020	2.2.1.1	NA	G
NC_000962.3	732061	732061	Napier_2020	5.1.5	NA	T
NC_000962.3	734562	734562	Napier_2020	4.6.3	NA	A
NC_000962.3	738603	738603	Napier_2020	1.1.3.1	NA	T
NC_000962.3	738837	738837	Napier_2020	2.2.1.2	NA	T
NC_000962.3	740855	740855	Napier_2020	4.1.2.1.1	NA	C
NC_000962.3	742270	742270	Napier_2020	8	NA	T
NC_000962.3	745876	745876	Napier_2020	1.1	NA	G
NC_000962.3	748923	748923	Napier_2020	4.8.3	NA	T
NC_000962.3	753088	753088	Napier_2020	4.4	NA	T
NC_000962.3	756568	756568	Napier_2020	6.2	NA	A
NC_000962.3	758122	758122	Napier_2020	4.6.3	NA	T
NC_000962.3	764995	764995	coll_2014	4.3	C	G
NC_000962.3	771654	771654	Napier_2020	5.3	NA	G
NC_000962.3	771723	771723	Napier_2020	6.3.2	NA	A
NC_000962.3	772740	772740	Napier_2020	La1.7	NA	T
NC_000962.3	772803	772803	Napier_2020	4.3.1.1	NA	G
NC_000962.3	773809	773809	Napier_2020	4.3	NA	A
NC_000962.3	778298	778298	Napier_2020	4.6.2	NA	T
NC_000962.3	782634	782634	shitikov_2017	asian_african_1	A	G
NC_000962.3	783601	783601	coll_2014	4.2.1	A	C
NC_000962.3	784143	784143	Napier_2020	7	NA	C
NC_000962.3	784440	784440	freschi_2020	4.3.i4.2	G	T
NC_000962.3	784440	784440	Napier_2020	4.3.4.2	NA	T
NC_000962.3	784450	784450	freschi_2020	1.1.1.1	C	T
NC_000962.3	784581	784581	Napier_2020	4.3.2.1	NA	C
NC_000962.3	790180	790180	freschi_2020	4.3.i4	A	G
NC_000962.3	791671	791671	Napier_2020	3.1.2.1	NA	C
NC_000962.3	794735	794735	Napier_2020	3.1.3	NA	A
NC_000962.3	795563	795563	Napier_2020	4.1.4	NA	T
NC_000962.3	796876	796876	Napier_2020	4.7	NA	G
NC_000962.3	797736	797736	coll_2014	2.2.1	C	T
NC_000962.3	801009	801009	freschi_2020	4.11	A	G
NC_000962.3	801959	801959	Napier_2020	5	NA	T
NC_000962.3	806605	806605	Napier_2020	4.2.1.1	NA	T
NC_000962.3	809981	809981	Napier_2020	5.2	NA	A
NC_000962.3	811492	811492	Napier_2020	1	NA	G
NC_000962.3	811642	811642	Napier_2020	7	NA	T
NC_000962.3	811753	811753	Napier_2020	2	NA	T
NC_000962.3	812502	812502	Napier_2020	1	NA	T
NC_000962.3	812808	812808	Napier_2020	4.3.3	NA	A
NC_000962.3	818798	818798	Napier_2020	4.6.1.2	NA	T
NC_000962.3	821102	821102	Napier_2020	4.4.1	NA	T
NC_000962.3	821437	821437	Napier_2020	5.1.1	NA	A
NC_000962.3	825585	825585	Napier_2020	4.3.1	NA	C
NC_000962.3	831206	831206	Napier_2020	4.3.4.1	NA	T
NC_000962.3	832072	832072	Napier_2020	1.1.3	NA	C
NC_000962.3	832708	832708	Napier_2020	4.1.2	NA	C
NC_000962.3	851797	851797	Napier_2020	1.1.1.1	NA	A
NC_000962.3	852641	852641	Napier_2020	1.1.3	NA	T
NC_000962.3	853469	853469	Napier_2020	4.3.2	NA	A
NC_000962.3	860034	860034	Napier_2020	6.3.2	NA	A
NC_000962.3	863340	863340	Napier_2020	4.6.2	NA	C
NC_000962.3	864166	864166	Napier_2020	1.2.1	NA	T
NC_000962.3	865761	865761	Napier_2020	1	NA	T
NC_000962.3	868006	868006	Napier_2020	4.6.2	NA	T
NC_000962.3	869440	869440	Napier_2020	4.1.1	NA	T
NC_000962.3	870112	870112	Napier_2020	1.1.1	NA	T
NC_000962.3	870187	870187	freschi_2020	4.2.1.2	C	T
NC_000962.3	870310	870310	Napier_2020	6.1.3	NA	G
NC_000962.3	874119	874119	Napier_2020	6.1.3	NA	A
NC_000962.3	874787	874787	coll_2014	4.6.1.1	G	A
NC_000962.3	875034	875034	Napier_2020	3.1.2.2	NA	A
NC_000962.3	876378	876378	Napier_2020	4.6.1.1	NA	C
NC_000962.3	877055	877055	Napier_2020	1.1.3	NA	C
NC_000962.3	885634	885634	Napier_2020	6.2.3	NA	A
NC_000962.3	886115	886115	shitikov_2017	asia_ancestral_2	T	C
NC_000962.3	888214	888214	Napier_2020	4.9.1	NA	A
NC_000962.3	891756	891756	coll_2014	4.1.2	A	G
NC_000962.3	892416	892416	Napier_2020	2.2	NA	T
NC_000962.3	894079	894079	Napier_2020	4.1.1.1	NA	T
NC_000962.3	895563	895563	Napier_2020	6.3.1	NA	A
NC_000962.3	896119	896119	Napier_2020	4.6.2.1	NA	T
NC_000962.3	896152	896152	Napier_2020	8	NA	T
NC_000962.3	896356	896356	Napier_2020	4.1.1.3	NA	T
NC_000962.3	896431	896431	Napier_2020	7	NA	A
NC_000962.3	898137	898137	Napier_2020	6.2.2	NA	T
NC_000962.3	899319	899319	Napier_2020	4.2.1.1	NA	G
NC_000962.3	902413	902413	Napier_2020	4.1	NA	T
NC_000962.3	903226	903226	Napier_2020	6.2.3	NA	T
NC_000962.3	903262	903262	Napier_2020	8	NA	A
NC_000962.3	903913	903913	Napier_2020	4.9	NA	T
NC_000962.3	912545	912545	Napier_2020	4.6.3	NA	G
NC_000962.3	917596	917596	Napier_2020	2.2.2	NA	A
NC_000962.3	917905	917905	freschi_2020	4.1.i1.1.1	C	A
NC_000962.3	918646	918646	Napier_2020	6.2.1	NA	A
NC_000962.3	919393	919393	Napier_2020	4.3.3	NA	C
NC_000962.3	923065	923065	Napier_2020	4.1	NA	A
NC_000962.3	931123	931123	coll_2014	4**	T	C
NC_000962.3	938153	938153	Napier_2020	3.1.3	NA	G
NC_000962.3	951567	951567	Napier_2020	6.1.3	NA	G
NC_000962.3	953397	953397	Napier_2020	4.8.2	NA	T
NC_000962.3	958362	958362	Napier_2020	3.1	NA	G
NC_000962.3	961598	961598	Napier_2020	3.1.2.1	NA	G
NC_000962.3	963022	963022	Napier_2020	5.2	NA	C
NC_000962.3	964099	964099	Napier_2020	4.4.1.1	NA	C
NC_000962.3	973290	973290	Napier_2020	4.5	NA	A
NC_000962.3	979314	979314	Napier_2020	4.6.1	NA	T
NC_000962.3	979859	979859	Napier_2020	4.1.1.3	NA	C
NC_000962.3	982363	982363	Napier_2020	6	NA	T
NC_000962.3	985287	985287	Napier_2020	4.4.2	NA	A
NC_000962.3	990383	990383	Napier_2020	1.2.1	NA	A
NC_000962.3	990533	990533	Napier_2020	4.3.4.2	NA	C
NC_000962.3	993016	993016	Napier_2020	3.1.2	NA	A
NC_000962.3	996871	996871	Napier_2020	4.6.1.1	NA	A
NC_000962.3	1006080	1006080	Napier_2020	4.1.1.1	NA	A
NC_000962.3	1010532	1010532	Napier_2020	4.6.2	NA	A
NC_000962.3	1011206	1011206	Napier_2020	5.3	NA	G
NC_000962.3	1014058	1014058	Napier_2020	5.1.2	NA	A
NC_000962.3	1014722	1014722	Napier_2020	5.3	NA	T
NC_000962.3	1017836	1017836	Napier_2020	4.2.1	NA	C
NC_000962.3	1018811	1018811	Napier_2020	1.2.2	NA	A
NC_000962.3	1020732	1020732	Napier_2020	La1.7.X-unk5	NA	C
NC_000962.3	1025614	1025614	Napier_2020	4.1.2.1.1	NA	T
NC_000962.3	1028944	1028944	Napier_2020	4.1.1.3	NA	T
NC_000962.3	1030368	1030368	Napier_2020	4.6.2.1	NA	G
NC_000962.3	1037355	1037355	Napier_2020	4.3.4	NA	C
NC_000962.3	1038108	1038108	Napier_2020	3.1.2.1	NA	G
NC_000962.3	1039981	1039981	Napier_2020	1.1.1	NA	C
NC_000962.3	1049905	1049905	Napier_2020	5.3	NA	T
NC_000962.3	1051949	1051949	Napier_2020	4.4.1	NA	A
NC_000962.3	1052899	1052899	Napier_2020	4.4	NA	T
NC_000962.3	1053308	1053308	Napier_2020	4.2.2.1	NA	T
NC_000962.3	1055672	1055672	Napier_2020	4.3.2.1	NA	A
NC_000962.3	1059643	1059643	shitikov_2017	asian_african_3	G	A
NC_000962.3	1060878	1060878	Napier_2020	1.1.3.1	NA	T
NC_000962.3	1063250	1063250	freschi_2020	4.13	A	G
NC_000962.3	1064934	1064934	Napier_2020	5.1.4	NA	G
NC_000962.3	1065611	1065611	Napier_2020	La1.4	NA	A
NC_000962.3	1069146	1069146	Napier_2020	6	NA	T
NC_000962.3	1072628	1072628	Napier_2020	1.2.2	NA	A
NC_000962.3	1074929	1074929	Napier_2020	4.9.1	NA	C
NC_000962.3	1082445	1082445	Napier_2020	4.8	NA	A
NC_000962.3	1082983	1082983	Napier_2020	4.1.2.1.1	NA	A
NC_000962.3	1083082	1083082	Napier_2020	4.3.1.1	NA	T
NC_000962.3	1084911	1084911	coll_2014	3.1.1	G	A
NC_000962.3	1098698	1098698	freschi_2020	4.6.1.1.1.1.2	C	G
NC_000962.3	1098698	1098698	Napier_2020	4.6.1.2	NA	G
NC_000962.3	1099212	1099212	Napier_2020	1.2.1	NA	T
NC_000962.3	1102468	1102468	Napier_2020	2	NA	A
NC_000962.3	1104308	1104308	freschi_2020	4.6.2.1.1.1.1	A	G
NC_000962.3	1106649	1106649	Napier_2020	4.3.4.1	NA	C
NC_000962.3	1107320	1107320	Napier_2020	5.3	NA	A
NC_000962.3	1109535	1109535	Napier_2020	4.1.1.2	NA	A
NC_000962.3	1111469	1111469	Napier_2020	1.1.1.1	NA	T
NC_000962.3	1111925	1111925	Napier_2020	4.1.2	NA	G
NC_000962.3	1115796	1115796	Napier_2020	4.2.1.1	NA	A
NC_000962.3	1120159	1120159	Napier_2020	6.2.2	NA	A
NC_000962.3	1125894	1125894	Napier_2020	7	NA	C
NC_000962.3	1126895	1126895	Napier_2020	4.4.1.1.1	NA	A
NC_000962.3	1129158	1129158	Napier_2020	4.8.3	NA	G
NC_000962.3	1130526	1130526	freschi_2020	4.10.i1	G	A
NC_000962.3	1130526	1130526	Napier_2020	4.8	NA	A
NC_000962.3	1132368	1132368	coll_2014	4.3.4.2	C	T
NC_000962.3	1132437	1132437	Napier_2020	4.8.1	NA	T
NC_000962.3	1134959	1134959	Napier_2020	6.1.3	NA	C
NC_000962.3	1135798	1135798	Napier_2020	2.1	NA	T
NC_000962.3	1136007	1136007	freschi_2020	2.2.1.1.1.i2	G	A
NC_000962.3	1136017	1136017	freschi_2020	1.2.1	A	G
NC_000962.3	1136017	1136017	Napier_2020	1.2.1	NA	G
NC_000962.3	1137518	1137518	coll_2014	7	G	A
NC_000962.3	1137518	1137518	Napier_2020	7	NA	A
NC_000962.3	1142266	1142266	Napier_2020	4.3	NA	C
NC_000962.3	1144221	1144221	Napier_2020	1.1.3	NA	A
NC_000962.3	1147708	1147708	Napier_2020	4.6.5	NA	A
NC_000962.3	1153214	1153214	Napier_2020	5.3	NA	A
NC_000962.3	1153676	1153676	Napier_2020	4.1.2	NA	G
NC_000962.3	1154368	1154368	Napier_2020	4.8.3	NA	C
NC_000962.3	1155868	1155868	Napier_2020	4.8.1	NA	T
NC_000962.3	1158434	1158434	Napier_2020	La1.7.X-unk4	NA	A
NC_000962.3	1167274	1167274	freschi_2020	1.1.1.2	C	T
NC_000962.3	1169028	1169028	Napier_2020	4.3.1	NA	A
NC_000962.3	1172079	1172079	Napier_2020	4.3.1	NA	G
NC_000962.3	1177446	1177446	freschi_2020	4.6.1.1.1.1.1	T	C
NC_000962.3	1184798	1184798	Napier_2020	1.1.3	NA	T
NC_000962.3	1193668	1193668	Napier_2020	1.1.3.3	NA	A
NC_000962.3	1204546	1204546	Napier_2020	4.8.2	NA	G
NC_000962.3	1208652	1208652	Napier_2020	4.4.1	NA	A
NC_000962.3	1221279	1221279	Napier_2020	6.3	NA	T
NC_000962.3	1221479	1221479	Napier_2020	4.4.1.1.1	NA	T
NC_000962.3	1227217	1227217	Napier_2020	4.8	NA	T
NC_000962.3	1227518	1227518	Napier_2020	8	NA	A
NC_000962.3	1228067	1228067	Napier_2020	1.2.2.2	NA	A
NC_000962.3	1229123	1229123	Napier_2020	6.3.3	NA	G
NC_000962.3	1229180	1229180	Napier_2020	3.1.2.2	NA	A
NC_000962.3	1232496	1232496	Napier_2020	4.3.2.1	NA	C
NC_000962.3	1233285	1233285	Napier_2020	4.2.2.2	NA	A
NC_000962.3	1233417	1233417	Napier_2020	4.1.1.3.1	NA	G
NC_000962.3	1234999	1234999	Napier_2020	4.4.1.1.1	NA	A
NC_000962.3	1237536	1237536	freschi_2020	4.2	C	G
NC_000962.3	1237815	1237815	freschi_2020	1.2.2.2	G	A
NC_000962.3	1237818	1237818	coll_2014	3.1.2.1	C	G
NC_000962.3	1239078	1239078	Napier_2020	4.3.4.2.1	NA	A
NC_000962.3	1244259	1244259	Napier_2020	3.1.3	NA	C
NC_000962.3	1245275	1245275	Napier_2020	1.2.2.1	NA	T
NC_000962.3	1249771	1249771	Napier_2020	1.1.3.1	NA	A
NC_000962.3	1250340	1250340	Napier_2020	4	NA	A
NC_000962.3	1251955	1251955	Napier_2020	4.3.4.1	NA	T
NC_000962.3	1256806	1256806	Napier_2020	4.1.1	NA	T
NC_000962.3	1261056	1261056	Napier_2020	1.1.1	NA	T
NC_000962.3	1267406	1267406	Napier_2020	6.1.1	NA	T
NC_000962.3	1273071	1273071	Napier_2020	4.8	NA	C
NC_000962.3	1274335	1274335	Napier_2020	4.3.4.1	NA	A
NC_000962.3	1286666	1286666	Napier_2020	4.1.1.2	NA	A
NC_000962.3	1288126	1288126	Napier_2020	La1.8.X-unk6	NA	C
NC_000962.3	1288698	1288698	Napier_2020	2.2	NA	A
NC_000962.3	1289555	1289555	Napier_2020	4.6.2	NA	G
NC_000962.3	1293121	1293121	Napier_2020	1.1.3	NA	T
NC_000962.3	1297084	1297084	Napier_2020	7	NA	A
NC_000962.3	1297327	1297327	Napier_2020	4.3.4	NA	A
NC_000962.3	1297981	1297981	Napier_2020	4.4.1.2	NA	C
NC_000962.3	1301571	1301571	Napier_2020	5.1.3	NA	T
NC_000962.3	1308161	1308161	freschi_2020	4.6.2.1	C	T
NC_000962.3	1311086	1311086	Napier_2020	4.3.1	NA	G
NC_000962.3	1311443	1311443	Napier_2020	5.1.4	NA	T
NC_000962.3	1315746	1315746	Napier_2020	1.2.1	NA	A
NC_000962.3	1317655	1317655	Napier_2020	2	NA	T
NC_000962.3	1317796	1317796	Napier_2020	5.1.2	NA	T
NC_000962.3	1321210	1321210	Napier_2020	4.4.1.1	NA	T
NC_000962.3	1331187	1331187	Napier_2020	4.6.5	NA	C
NC_000962.3	1334260	1334260	Napier_2020	4.3.2.1	NA	A
NC_000962.3	1335913	1335913	Napier_2020	4.4.1.1.1	NA	G
NC_000962.3	1345104	1345104	Napier_2020	1.1.3.1	NA	A
NC_000962.3	1352350	1352350	Napier_2020	4.6.2.2	NA	T
NC_000962.3	1353773	1353773	Napier_2020	1.1.3.1	NA	G
NC_000962.3	1358197	1358197	Napier_2020	4.6.5	NA	T
NC_000962.3	1358422	1358422	Napier_2020	La1.8.2	NA	T
NC_000962.3	1361220	1361220	Napier_2020	3.1.3	NA	T
NC_000962.3	1363194	1363194	Napier_2020	1.2.1	NA	A
NC_000962.3	1363986	1363986	Napier_2020	4.3.1.1	NA	T
NC_000962.3	1364434	1364434	Napier_2020	4.3.4.1	NA	T
NC_000962.3	1364706	1364706	shitikov_2017	central_asia	G	A
NC_000962.3	1365430	1365430	Napier_2020	1.2.2	NA	C
NC_000962.3	1365895	1365895	Napier_2020	7	NA	A
NC_000962.3	1369927	1369927	Napier_2020	1.1.1.1	NA	T
NC_000962.3	1372002	1372002	Napier_2020	6	NA	T
NC_000962.3	1378725	1378725	Napier_2020	3.1.1	NA	C
NC_000962.3	1391868	1391868	Napier_2020	4.6.1.2	NA	A
NC_000962.3	1396311	1396311	freschi_2020	4.1.i1.1.1.1	G	T
NC_000962.3	1396922	1396922	Napier_2020	4.9	NA	T
NC_000962.3	1401050	1401050	Napier_2020	La1.7.X-unk4	NA	T
NC_000962.3	1405848	1405848	Napier_2020	3.1.3	NA	T
NC_000962.3	1406312	1406312	Napier_2020	1.2.1.2.1	NA	G
NC_000962.3	1421109	1421109	Napier_2020	4.3.1	NA	G
NC_000962.3	1427067	1427067	Napier_2020	La1.7.X-unk5	NA	G
NC_000962.3	1429038	1429038	freschi_2020	4.2.1.1	A	C
NC_000962.3	1434319	1434319	Napier_2020	5.1.3	NA	T
NC_000962.3	1435763	1435763	Napier_2020	4.5	NA	T
NC_000962.3	1436230	1436230	Napier_2020	6.1.3	NA	G
NC_000962.3	1436782	1436782	Napier_2020	3.1.3	NA	A
NC_000962.3	1439332	1439332	Napier_2020	4.6.1.1	NA	T
NC_000962.3	1442109	1442109	Napier_2020	4.6.4	NA	T
NC_000962.3	1444655	1444655	Napier_2020	4.8.2	NA	T
NC_000962.3	1449011	1449011	Napier_2020	6.2.2	NA	A
NC_000962.3	1450316	1450316	Napier_2020	3	NA	T
NC_000962.3	1450463	1450463	Napier_2020	6.1.1	NA	T
NC_000962.3	1451542	1451542	Napier_2020	4.3.2.1	NA	T
NC_000962.3	1452071	1452071	Napier_2020	4.3	NA	A
NC_000962.3	1454192	1454192	Napier_2020	6.2.1	NA	G
NC_000962.3	1455780	1455780	coll_2014	4.2.2.1	T	C
NC_000962.3	1455780	1455780	Napier_2020	4.2.2.1	NA	C
NC_000962.3	1459257	1459257	Napier_2020	6.2.2	NA	T
NC_000962.3	1463776	1463776	Napier_2020	7	NA	T
NC_000962.3	1466779	1466779	Napier_2020	4.2	NA	T
NC_000962.3	1467753	1467753	Napier_2020	4.6.2	NA	A
NC_000962.3	1477522	1477522	shitikov_2017	asia_ancestral_3	C	A
NC_000962.3	1478222	1478222	Napier_2020	1.2.1	NA	G
NC_000962.3	1479088	1479088	shitikov_2017	asian_african_2/RD142	C	T
NC_000962.3	1487796	1487796	coll_2014	4.2.2	C	A
NC_000962.3	1487796	1487796	Napier_2020	4.2.2	NA	A
NC_000962.3	1491275	1491275	coll_2014	1.1.3	G	A
NC_000962.3	1491275	1491275	Napier_2020	1.1.3	NA	A
NC_000962.3	1492049	1492049	Napier_2020	1.2.2.2	NA	T
NC_000962.3	1492961	1492961	Napier_2020	5.1.4	NA	A
NC_000962.3	1494231	1494231	Napier_2020	4.4.1.2	NA	A
NC_000962.3	1498304	1498304	Napier_2020	4.6.5	NA	C
NC_000962.3	1501468	1501468	coll_2014	4.6.1.2	G	C
NC_000962.3	1501715	1501715	Napier_2020	5.1	NA	T
NC_000962.3	1501742	1501742	Napier_2020	5.1	NA	A
NC_000962.3	1502120	1502120	coll_2014	4.3.4.2.1	C	A
NC_000962.3	1505806	1505806	Napier_2020	5	NA	T
NC_000962.3	1511460	1511460	Napier_2020	2.2.2	NA	T
NC_000962.3	1523575	1523575	Napier_2020	3.1.1	NA	G
NC_000962.3	1526100	1526100	Napier_2020	1.1.1.1	NA	G
NC_000962.3	1526839	1526839	Napier_2020	4.2.1.1	NA	A
NC_000962.3	1534538	1534538	Napier_2020	4.6.2	NA	T
NC_000962.3	1534929	1534929	Napier_2020	La1.8.1	NA	T
NC_000962.3	1539299	1539299	Napier_2020	6.3.3	NA	T
NC_000962.3	1541214	1541214	Napier_2020	4.3.1	NA	C
NC_000962.3	1543874	1543874	Napier_2020	5.1.2	NA	T
NC_000962.3	1547498	1547498	Napier_2020	4.8.1	NA	A
NC_000962.3	1551194	1551194	Napier_2020	6.2.3	NA	A
NC_000962.3	1552837	1552837	Napier_2020	La1.5	NA	T
NC_000962.3	1553855	1553855	Napier_2020	1.2.1	NA	T
NC_000962.3	1553876	1553876	Napier_2020	4.6.5	NA	G
NC_000962.3	1555297	1555297	freschi_2020	4.6.1.1.1.2	G	A
NC_000962.3	1555432	1555432	Napier_2020	5	NA	T
NC_000962.3	1556018	1556018	Napier_2020	5.1.5	NA	T
NC_000962.3	1556430	1556430	Napier_2020	3.1.1	NA	G
NC_000962.3	1560777	1560777	Napier_2020	5.1.3	NA	A
NC_000962.3	1560912	1560912	Napier_2020	1	NA	A
NC_000962.3	1561245	1561245	Napier_2020	7	NA	T
NC_000962.3	1564799	1564799	Napier_2020	4.1.3	NA	T
NC_000962.3	1565566	1565566	Napier_2020	2.2.2	NA	T
NC_000962.3	1567985	1567985	Napier_2020	1.2.1.2	NA	G
NC_000962.3	1568018	1568018	Napier_2020	4.2	NA	T
NC_000962.3	1577241	1577241	Napier_2020	2	NA	A
NC_000962.3	1577846	1577846	Napier_2020	6.2	NA	A
NC_000962.3	1578212	1578212	Napier_2020	5	NA	C
NC_000962.3	1580680	1580680	freschi_2020	4.1.i1.2.1	C	T
NC_000962.3	1581704	1581704	Napier_2020	4.6.5	NA	C
NC_000962.3	1588746	1588746	Napier_2020	6.3.2	NA	T
NC_000962.3	1588887	1588887	Napier_2020	4.6.2.1	NA	C
NC_000962.3	1590555	1590555	Napier_2020	1	NA	T
NC_000962.3	1591545	1591545	Napier_2020	3.1.1	NA	T
NC_000962.3	1592015	1592015	Napier_2020	4.3.2.1	NA	T
NC_000962.3	1594848	1594848	Napier_2020	4.8.1	NA	A
NC_000962.3	1597405	1597405	Napier_2020	4.6.1	NA	A
NC_000962.3	1597696	1597696	Napier_2020	4.6.1.1	NA	A
NC_000962.3	1599076	1599076	Napier_2020	5.1.2	NA	T
NC_000962.3	1599996	1599996	Napier_2020	1.1.3.1	NA	T
NC_000962.3	1601416	1601416	Napier_2020	6.3.3	NA	T
NC_000962.3	1619841	1619841	Napier_2020	1.2.2.2	NA	A
NC_000962.3	1620582	1620582	Napier_2020	4.3.1.1	NA	C
NC_000962.3	1623789	1623789	Napier_2020	1.2.1.2.1	NA	T
NC_000962.3	1625769	1625769	Napier_2020	4.6.2.1	NA	A
NC_000962.3	1626590	1626590	Napier_2020	6.2	NA	A
NC_000962.3	1639226	1639226	Napier_2020	3.1.1	NA	T
NC_000962.3	1645599	1645599	Napier_2020	4.5	NA	T
NC_000962.3	1645620	1645620	Napier_2020	6.3.2	NA	A
NC_000962.3	1647807	1647807	Napier_2020	4.3.1.1	NA	C
NC_000962.3	1649265	1649265	Napier_2020	5	NA	A
NC_000962.3	1651063	1651063	Napier_2020	1.2.2.1	NA	G
NC_000962.3	1652216	1652216	Napier_2020	4.2.1.1	NA	G
NC_000962.3	1659666	1659666	Napier_2020	4.6.4	NA	A
NC_000962.3	1660440	1660440	Napier_2020	4.2.1.1	NA	A
NC_000962.3	1667070	1667070	Napier_2020	6.3.3	NA	A
NC_000962.3	1670814	1670814	Napier_2020	4.2	NA	T
NC_000962.3	1672360	1672360	freschi_2020	4.1.i1.2.2	C	G
NC_000962.3	1672808	1672808	Napier_2020	1.2.2.2	NA	A
NC_000962.3	1692069	1692069	Napier_2020	2.2.1.2	NA	G
NC_000962.3	1692640	1692640	Napier_2020	5.1.1	NA	T
NC_000962.3	1695037	1695037	Napier_2020	2.2	NA	A
NC_000962.3	1695791	1695791	Napier_2020	5.1.1	NA	T
NC_000962.3	1697460	1697460	Napier_2020	1.1.3	NA	T
NC_000962.3	1701477	1701477	Napier_2020	4.1.2.1.1	NA	G
NC_000962.3	1715828	1715828	Napier_2020	4.3.1	NA	C
NC_000962.3	1719757	1719757	coll_2014	4.5	G	T
NC_000962.3	1724120	1724120	Napier_2020	4.3.4.2	NA	A
NC_000962.3	1726541	1726541	Napier_2020	4.6.1.2	NA	A
NC_000962.3	1733618	1733618	Napier_2020	5.1	NA	T
NC_000962.3	1740535	1740535	Napier_2020	4.3.4.2.1	NA	A
NC_000962.3	1741100	1741100	Napier_2020	5.1.3	NA	A
NC_000962.3	1750465	1750465	Napier_2020	1.1.1.1	NA	C
NC_000962.3	1759252	1759252	freschi_2020	4.10.i2	G	T
NC_000962.3	1759252	1759252	Napier_2020	4.9	NA	G
NC_000962.3	1762615	1762615	freschi_2020	4.3.i3.1	C	T
NC_000962.3	1764225	1764225	Napier_2020	3	NA	T
NC_000962.3	1764808	1764808	Napier_2020	4.8.2	NA	T
NC_000962.3	1765767	1765767	Napier_2020	La1.7.X-unk4	NA	C
NC_000962.3	1771320	1771320	Napier_2020	4.3.4.2	NA	A
NC_000962.3	1775674	1775674	Napier_2020	6.2	NA	T
NC_000962.3	1778557	1778557	Napier_2020	4.3.2	NA	T
NC_000962.3	1797555	1797555	freschi_2020	4.12	G	A
NC_000962.3	1798561	1798561	Napier_2020	4.6.4	NA	T
NC_000962.3	1799178	1799178	Napier_2020	1.1.3.3	NA	A
NC_000962.3	1799921	1799921	coll_2014	5	C	A
NC_000962.3	1803959	1803959	Napier_2020	4.4.1.2	NA	T
NC_000962.3	1808124	1808124	Napier_2020	4.4.1.2	NA	C
NC_000962.3	1811964	1811964	Napier_2020	6	NA	A
NC_000962.3	1816587	1816587	coll_2014	6	C	G
#NC_000962.3	1816587	1816587	freschi_2020	6	C	G
NC_000962.3	1819031	1819031	Napier_2020	5.1.4	NA	C
NC_000962.3	1821774	1821774	Napier_2020	1.2.2.1	NA	T
NC_000962.3	1831531	1831531	freschi_2020	1.1.2	G	A
NC_000962.3	1841961	1841961	Napier_2020	6.3.2	NA	A
NC_000962.3	1842237	1842237	Napier_2020	6.3.2	NA	G
NC_000962.3	1844339	1844339	shitikov_2017	pacific_RD150	A	G
NC_000962.3	1846092	1846092	Napier_2020	5.1	NA	T
NC_000962.3	1847811	1847811	Napier_2020	4.3.4	NA	C
NC_000962.3	1849051	1849051	Napier_2020	2.2	NA	T
NC_000962.3	1850119	1850119	coll_2014	4.1.1.1	C	T
NC_000962.3	1850119	1850119	Napier_2020	4.1.1.1	NA	T
NC_000962.3	1853674	1853674	Napier_2020	4.4.1.1.1	NA	A
NC_000962.3	1862121	1862121	Napier_2020	3.1.2.2	NA	T
NC_000962.3	1867707	1867707	Napier_2020	6	NA	T
NC_000962.3	1870173	1870173	Napier_2020	6.3	NA	A
NC_000962.3	1872211	1872211	Napier_2020	4.2	NA	A
NC_000962.3	1875207	1875207	Napier_2020	4.1	NA	T
NC_000962.3	1877862	1877862	Napier_2020	4.1.2.1.1	NA	T
NC_000962.3	1879701	1879701	Napier_2020	5.1.2	NA	C
NC_000962.3	1880850	1880850	Napier_2020	4.2.2.2	NA	A
NC_000962.3	1881090	1881090	coll_2014	2.1	C	T
NC_000962.3	1882180	1882180	coll_2014	BOV_AFRI	C	T
NC_000962.3	1882573	1882573	Napier_2020	4.9.1	NA	G
NC_000962.3	1882817	1882817	Napier_2020	6.1	NA	A
NC_000962.3	1885495	1885495	Napier_2020	1.2.2.1	NA	A
NC_000962.3	1886982	1886982	freschi_2020	4.6.2	C	T
NC_000962.3	1891256	1891256	Napier_2020	5.1.1	NA	G
NC_000962.3	1891388	1891388	Napier_2020	2.2.1.1	NA	G
NC_000962.3	1897938	1897938	Napier_2020	1.2.1.2.1	NA	A
NC_000962.3	1901924	1901924	Napier_2020	4.5	NA	C
NC_000962.3	1903050	1903050	Napier_2020	1.2.1.2.1	NA	T
NC_000962.3	1903547	1903547	Napier_2020	5.1.3	NA	T
NC_000962.3	1906078	1906078	Napier_2020	2.2.1	NA	G
NC_000962.3	1907296	1907296	Napier_2020	4.9	NA	G
NC_000962.3	1908787	1908787	Napier_2020	6.2.3	NA	A
NC_000962.3	1912268	1912268	Napier_2020	5.1.1	NA	C
NC_000962.3	1914217	1914217	freschi_2020	3.1.1.i2	C	A
NC_000962.3	1919627	1919627	Napier_2020	3.1.3	NA	A
NC_000962.3	1919736	1919736	Napier_2020	4.2.2.1	NA	G
NC_000962.3	1924008	1924008	freschi_2020	2.2.1.1.1	G	A
NC_000962.3	1924765	1924765	Napier_2020	1.1.1	NA	C
NC_000962.3	1925136	1925136	Napier_2020	3	NA	A
NC_000962.3	1931219	1931219	Napier_2020	4.1.2.1	NA	A
NC_000962.3	1940611	1940611	Napier_2020	4.9.1	NA	C
NC_000962.3	1947282	1947282	Napier_2020	2.2.1.1	NA	G
NC_000962.3	1952601	1952601	Napier_2020	4.1.1	NA	T
NC_000962.3	1965133	1965133	Napier_2020	4.4.2	NA	T
NC_000962.3	1976014	1976014	Napier_2020	1.1.3.3	NA	T
NC_000962.3	1978431	1978431	Napier_2020	La1.7.X-unk5	NA	T
NC_000962.3	1980652	1980652	Napier_2020	2	NA	T
NC_000962.3	1980871	1980871	Napier_2020	4.5	NA	C
NC_000962.3	1985034	1985034	Napier_2020	La1.2	NA	C
NC_000962.3	1985573	1985573	Napier_2020	4.2.2.1	NA	A
NC_000962.3	2016286	2016286	Napier_2020	1.1.3.3	NA	A
NC_000962.3	2020120	2020120	Napier_2020	3.1.2.1	NA	T
NC_000962.3	2020144	2020144	Napier_2020	4.1	NA	A
NC_000962.3	2022126	2022126	Napier_2020	4.4.1.1	NA	C
NC_000962.3	2022868	2022868	Napier_2020	4.9	NA	T
NC_000962.3	2024413	2024413	Napier_2020	6.3.1	NA	T
NC_000962.3	2027617	2027617	Napier_2020	La1.2.BCG	NA	A
NC_000962.3	2033748	2033748	Napier_2020	4.6.1	NA	C
NC_000962.3	2033890	2033890	Napier_2020	4.4.1	NA	T
NC_000962.3	2053682	2053682	Napier_2020	4.3	NA	T
NC_000962.3	2054805	2054805	Napier_2020	4.1.1.3	NA	A
NC_000962.3	2058447	2058447	Napier_2020	4.6.1.2	NA	A
NC_000962.3	2063106	2063106	Napier_2020	1.1.1	NA	T
NC_000962.3	2066474	2066474	Napier_2020	1.1.3.3	NA	C
NC_000962.3	2066633	2066633	Napier_2020	4.1.2	NA	G
NC_000962.3	2069304	2069304	freschi_2020	4.6.1.1.2	C	G
NC_000962.3	2073605	2073605	Napier_2020	4.8.2	NA	C
NC_000962.3	2077253	2077253	freschi_2020	4.3.i3	G	A
NC_000962.3	2078024	2078024	Napier_2020	1.1.1	NA	A
NC_000962.3	2078246	2078246	freschi_2020	2.2.1	C	G
NC_000962.3	2080941	2080941	Napier_2020	4.1.1.1	NA	A
NC_000962.3	2083683	2083683	Napier_2020	5.2	NA	T
NC_000962.3	2091597	2091597	Napier_2020	5.2	NA	T
NC_000962.3	2093998	2093998	Napier_2020	4.5	NA	T
NC_000962.3	2105065	2105065	Napier_2020	4.6.2.1	NA	T
NC_000962.3	2108386	2108386	Napier_2020	5.2	NA	T
NC_000962.3	2112832	2112832	Napier_2020	2.2	NA	C
NC_000962.3	2116663	2116663	Napier_2020	4.3.1.1	NA	T
NC_000962.3	2153246	2153246	Napier_2020	4.2.2.2	NA	G
NC_000962.3	2156847	2156847	Napier_2020	4.2.2.2	NA	A
NC_000962.3	2158582	2158582	Napier_2020	4.1.1	NA	A
NC_000962.3	2173058	2173058	Napier_2020	5.1.5	NA	A
NC_000962.3	2183681	2183681	Napier_2020	La1.4	NA	A
NC_000962.3	2184781	2184781	Napier_2020	4.6.1	NA	T
NC_000962.3	2185538	2185538	Napier_2020	3.1.2.1	NA	A
NC_000962.3	2191657	2191657	Napier_2020	4.4.2	NA	T
NC_000962.3	2194204	2194204	Napier_2020	La2	NA	G
NC_000962.3	2198182	2198182	Napier_2020	6.3.1	NA	T
NC_000962.3	2199684	2199684	Napier_2020	4.3.4.1	NA	A
NC_000962.3	2202500	2202500	Napier_2020	2.2	NA	T
NC_000962.3	2208143	2208143	Napier_2020	4.1.1.3.1	NA	C
NC_000962.3	2212762	2212762	Napier_2020	4.8	NA	T
NC_000962.3	2215712	2215712	Napier_2020	1.2.1.2.1	NA	A
NC_000962.3	2225515	2225515	Napier_2020	4.6.2.1	NA	A
NC_000962.3	2239384	2239384	Napier_2020	6.3.3	NA	A
NC_000962.3	2240716	2240716	Napier_2020	5.2	NA	A
NC_000962.3	2243435	2243435	Napier_2020	La1.8.X-unk6	NA	A
NC_000962.3	2244770	2244770	Napier_2020	4.1.2.1	NA	A
NC_000962.3	2245075	2245075	Napier_2020	4.4.2	NA	T
NC_000962.3	2245499	2245499	Napier_2020	3.1.2.1	NA	T
NC_000962.3	2248163	2248163	Napier_2020	6.3.3	NA	C
NC_000962.3	2249403	2249403	Napier_2020	4.3.2	NA	T
NC_000962.3	2253453	2253453	Napier_2020	4.1	NA	C
NC_000962.3	2259579	2259579	Napier_2020	2.2.1.2	NA	G
NC_000962.3	2271143	2271143	Napier_2020	3.1.2.1	NA	A
NC_000962.3	2271443	2271443	Napier_2020	5.1.2	NA	G
NC_000962.3	2271555	2271555	Napier_2020	La1.1	NA	A
NC_000962.3	2273627	2273627	Napier_2020	4.6.1	NA	T
NC_000962.3	2291557	2291557	Napier_2020	La1.7.X-unk5	NA	G
NC_000962.3	2311357	2311357	Napier_2020	1.1.1.1	NA	A
NC_000962.3	2315590	2315590	Napier_2020	5.1.2	NA	T
NC_000962.3	2316912	2316912	freschi_2020	4.3.i4.1	G	A
NC_000962.3	2326192	2326192	Napier_2020	1.1.1.1	NA	T
NC_000962.3	2331061	2331061	Napier_2020	4.6.1.1	NA	T
NC_000962.3	2356012	2356012	Napier_2020	4.4	NA	A
NC_000962.3	2358916	2358916	Napier_2020	4.4	NA	T
NC_000962.3	2369118	2369118	Napier_2020	4.6.2.2	NA	A
NC_000962.3	2369187	2369187	Napier_2020	1.1.3.2	NA	T
NC_000962.3	2369460	2369460	Napier_2020	1.1.3.2	NA	A
NC_000962.3	2369971	2369971	Napier_2020	4.6	NA	G
NC_000962.3	2376135	2376135	shitikov_2017	asian_african_2	A	G
NC_000962.3	2377785	2377785	Napier_2020	4.6.1.1	NA	T
NC_000962.3	2378813	2378813	Napier_2020	4.7	NA	G
NC_000962.3	2382645	2382645	Napier_2020	5.1	NA	A
NC_000962.3	2382830	2382830	Napier_2020	La2	NA	A
NC_000962.3	2408442	2408442	Napier_2020	6.1.2	NA	A
NC_000962.3	2410938	2410938	Napier_2020	4.4.1.2	NA	T
NC_000962.3	2411730	2411730	coll_2014	4.2	G	C
NC_000962.3	2412584	2412584	Napier_2020	1.1.1.1	NA	A
NC_000962.3	2415042	2415042	Napier_2020	3.1.2.2	NA	T
NC_000962.3	2416149	2416149	Napier_2020	5.2	NA	G
NC_000962.3	2417281	2417281	Napier_2020	4.8.2	NA	A
NC_000962.3	2418554	2418554	Napier_2020	1.1.3.2	NA	A
NC_000962.3	2420503	2420503	Napier_2020	4.2.2	NA	G
NC_000962.3	2426317	2426317	freschi_2020	4.6.2.1.2	G	A
NC_000962.3	2428078	2428078	Napier_2020	La1.4	NA	G
NC_000962.3	2428823	2428823	Napier_2020	5.1.5	NA	T
NC_000962.3	2440953	2440953	Napier_2020	4.6.1	NA	T
NC_000962.3	2443188	2443188	Napier_2020	4.3.4.2	NA	A
NC_000962.3	2450245	2450245	Napier_2020	4.1.3	NA	A
NC_000962.3	2454856	2454856	Napier_2020	4.1.1.3	NA	T
NC_000962.3	2467098	2467098	Napier_2020	3.1.1	NA	C
NC_000962.3	2470627	2470627	Napier_2020	4.3.2.1	NA	A
NC_000962.3	2470934	2470934	Napier_2020	1.1.1.1	NA	A
NC_000962.3	2473699	2473699	Napier_2020	4.1.2.1	NA	T
NC_000962.3	2475888	2475888	Napier_2020	La1	NA	G
NC_000962.3	2478058	2478058	Napier_2020	5.1.3	NA	T
NC_000962.3	2482888	2482888	Napier_2020	4.2.2	NA	A
NC_000962.3	2485234	2485234	Napier_2020	6.1.3	NA	T
NC_000962.3	2485956	2485956	Napier_2020	5	NA	A
NC_000962.3	2486342	2486342	Napier_2020	1.2.1.2.1	NA	T
NC_000962.3	2488724	2488724	Napier_2020	4.1.2.1.1	NA	G
NC_000962.3	2494263	2494263	Napier_2020	4.6.1.2	NA	A
NC_000962.3	2503625	2503625	Napier_2020	4.3	NA	T
NC_000962.3	2505085	2505085	coll_2014	2.2	G	A
NC_000962.3	2516158	2516158	Napier_2020	4.6.3	NA	G
NC_000962.3	2516365	2516365	Napier_2020	4.6.3	NA	C
NC_000962.3	2527676	2527676	Napier_2020	4.3.4	NA	A
NC_000962.3	2532616	2532616	shitikov_2017	asian_african_2	G	A
NC_000962.3	2546350	2546350	Napier_2020	6.3.3	NA	T
NC_000962.3	2553395	2553395	Napier_2020	La1.7.1	NA	A
NC_000962.3	2556078	2556078	freschi_2020	2.2.1.1.1.i1	G	A
NC_000962.3	2563401	2563401	Napier_2020	6.1.1	NA	G
NC_000962.3	2565446	2565446	Napier_2020	5.1.4	NA	A
NC_000962.3	2574022	2574022	Napier_2020	4.1	NA	T
NC_000962.3	2585858	2585858	Napier_2020	4.1.1.1	NA	A
NC_000962.3	2594632	2594632	Napier_2020	La1.8.2	NA	A
NC_000962.3	2597696	2597696	Napier_2020	4.5	NA	T
NC_000962.3	2599821	2599821	Napier_2020	4.3.4	NA	A
NC_000962.3	2602160	2602160	Napier_2020	6.3.1	NA	A
NC_000962.3	2603797	2603797	Napier_2020	4.1.1	NA	A
NC_000962.3	2612300	2612300	Napier_2020	La1	NA	T
NC_000962.3	2614031	2614031	Napier_2020	4.3.1.1	NA	G
NC_000962.3	2621058	2621058	freschi_2020	4.3	G	A
NC_000962.3	2622402	2622402	coll_2014	1.1.2	G	A
NC_000962.3	2622402	2622402	Napier_2020	1.1.2	NA	A
NC_000962.3	2639868	2639868	Napier_2020	1.2.1.2	NA	G
NC_000962.3	2640369	2640369	Napier_2020	4.1.2.1.1	NA	A
NC_000962.3	2640807	2640807	Napier_2020	2.2.2	NA	A
NC_000962.3	2640960	2640960	Napier_2020	1.2.1.1	NA	T
NC_000962.3	2641658	2641658	Napier_2020	6.3.1	NA	C
NC_000962.3	2649855	2649855	Napier_2020	4.3.2	NA	A
NC_000962.3	2655824	2655824	Napier_2020	La1.6	NA	C
NC_000962.3	2669115	2669115	Napier_2020	La1.5	NA	A
NC_000962.3	2671061	2671061	Napier_2020	4.1	NA	A
NC_000962.3	2671677	2671677	Napier_2020	6.3.1	NA	T
NC_000962.3	2694560	2694560	coll_2014	4.4.1.2	G	C
NC_000962.3	2701538	2701538	Napier_2020	La2	NA	A
NC_000962.3	2702178	2702178	Napier_2020	La1.7.1	NA	A
NC_000962.3	2715125	2715125	Napier_2020	La1.8	NA	C
NC_000962.3	2724782	2724782	Napier_2020	4.1.2.1	NA	T
NC_000962.3	2729453	2729453	Napier_2020	4.3.4.2.1	NA	A
NC_000962.3	2729454	2729454	Napier_2020	3.1.2	NA	T
NC_000962.3	2731555	2731555	Napier_2020	La2	NA	C
NC_000962.3	2737201	2737201	freschi_2020	1.2.1.1.1	A	C
NC_000962.3	2737201	2737201	Napier_2020	1.2.1.2.1	NA	C
NC_000962.3	2737453	2737453	Napier_2020	2.1	NA	C
NC_000962.3	2738221	2738221	Napier_2020	3	NA	A
NC_000962.3	2738352	2738352	Napier_2020	1.1.3.3	NA	T
NC_000962.3	2739087	2739087	Napier_2020	4.1.1.3.1	NA	T
NC_000962.3	2744388	2744388	Napier_2020	3.1.1	NA	A
NC_000962.3	2748087	2748087	Napier_2020	4.2	NA	A
NC_000962.3	2749452	2749452	Napier_2020	6.2	NA	A
NC_000962.3	2750052	2750052	Napier_2020	9	NA	A
NC_000962.3	2752854	2752854	Napier_2020	4.1.1	NA	A
NC_000962.3	2755469	2755469	Napier_2020	4.6.4	NA	A
NC_000962.3	2758268	2758268	Napier_2020	6.3	NA	T
NC_000962.3	2763624	2763624	freschi_2020	1.2.2	G	A
NC_000962.3	2763624	2763624	Napier_2020	1.2.2	NA	A
NC_000962.3	2781384	2781384	Napier_2020	4.6.2.1	NA	G
NC_000962.3	2782140	2782140	Napier_2020	4.8.3	NA	A
NC_000962.3	2782498	2782498	Napier_2020	3	NA	A
NC_000962.3	2807764	2807764	Napier_2020	La1.7.X-unk4	NA	A
NC_000962.3	2809250	2809250	Napier_2020	4.8	NA	T
NC_000962.3	2814961	2814961	Napier_2020	4.3.3	NA	A
NC_000962.3	2824839	2824839	Napier_2020	4.1.1.1	NA	T
NC_000962.3	2825466	2825466	Napier_2020	4	NA	G
NC_000962.3	2825581	2825581	shitikov_2017	2.2.1	T	G
NC_000962.3	2826039	2826039	Napier_2020	2.2.1.2	NA	C
NC_000962.3	2831482	2831482	coll_2014	BOV	A	G
NC_000962.3	2834424	2834424	Napier_2020	La1.2.BCG	NA	A
NC_000962.3	2840849	2840849	Napier_2020	1.2.1.2	NA	C
NC_000962.3	2844014	2844014	Napier_2020	4.1.4	NA	A
NC_000962.3	2844689	2844689	Napier_2020	4.3.2.1	NA	C
NC_000962.3	2847191	2847191	Napier_2020	1.2.1.1	NA	A
NC_000962.3	2847737	2847737	Napier_2020	6	NA	A
NC_000962.3	2847994	2847994	freschi_2020	4.1.i1.1.2	G	A
NC_000962.3	2848135	2848135	Napier_2020	La1.6	NA	A
NC_000962.3	2853155	2853155	Napier_2020	La1.8	NA	A
NC_000962.3	2858835	2858835	freschi_2020	4.3.i3.2	G	A
NC_000962.3	2859147	2859147	Napier_2020	5	NA	T
NC_000962.3	2868925	2868925	Napier_2020	4.4	NA	A
NC_000962.3	2871251	2871251	Napier_2020	4.1.2.1	NA	A
NC_000962.3	2873374	2873374	Napier_2020	4.3.4.2.1	NA	A
NC_000962.3	2874344	2874344	coll_2014	3.1.2.2	G	A
NC_000962.3	2875883	2875883	coll_2014	4.6.2.2	C	T
NC_000962.3	2875883	2875883	Napier_2020	4.6.2.2	NA	T
NC_000962.3	2877698	2877698	Napier_2020	6.3.1	NA	T
NC_000962.3	2882343	2882343	Napier_2020	4.2.1	NA	A
NC_000962.3	2890668	2890668	Napier_2020	La1.8.1	NA	T
NC_000962.3	2891379	2891379	Napier_2020	2.2.1.1	NA	C
NC_000962.3	2892168	2892168	Napier_2020	4.7	NA	A
NC_000962.3	2893701	2893701	Napier_2020	4.6.4	NA	A
NC_000962.3	2897528	2897528	Napier_2020	1	NA	A
NC_000962.3	2897684	2897684	Napier_2020	4.6.2.1	NA	G
NC_000962.3	2905505	2905505	freschi_2020	4.4.1	G	A
NC_000962.3	2905505	2905505	Napier_2020	4.4.1	NA	A
NC_000962.3	2906978	2906978	Napier_2020	4.1	NA	T
NC_000962.3	2907629	2907629	Napier_2020	4.3.2	NA	A
NC_000962.3	2912516	2912516	Napier_2020	La1	NA	A
NC_000962.3	2912746	2912746	Napier_2020	4.8.2	NA	T
NC_000962.3	2913091	2913091	Napier_2020	4.4.2	NA	T
NC_000962.3	2914906	2914906	Napier_2020	4.8.1	NA	C
NC_000962.3	2919532	2919532	Napier_2020	4.6.4	NA	G
NC_000962.3	2923264	2923264	Napier_2020	4.2.2.2	NA	A
NC_000962.3	2940052	2940052	Napier_2020	5.3	NA	A
NC_000962.3	2948297	2948297	Napier_2020	La1.7.X-unk5	NA	C
NC_000962.3	2958570	2958570	Napier_2020	1.2.1.2.1	NA	A
NC_000962.3	2963597	2963597	Napier_2020	La1.7	NA	A
NC_000962.3	2980975	2980975	Napier_2020	4.1.1.3.1	NA	A
NC_000962.3	2989191	2989191	Napier_2020	La1.8.2	NA	C
NC_000962.3	2989683	2989683	freschi_2020	1.1	C	T
NC_000962.3	2994187	2994187	Napier_2020	4	NA	T
NC_000962.3	2994964	2994964	Napier_2020	1.1.1.1	NA	T
NC_000962.3	3007524	3007524	Napier_2020	4.2.2.1	NA	A
NC_000962.3	3015966	3015966	Napier_2020	4.6	NA	A
NC_000962.3	3021283	3021283	coll_2014	1.1.1	G	A
NC_000962.3	3023684	3023684	Napier_2020	3.1.1	NA	A
NC_000962.3	3028658	3028658	Napier_2020	4.6.1.1	NA	A
NC_000962.3	3033644	3033644	Napier_2020	La1.2	NA	C
NC_000962.3	3037136	3037136	Napier_2020	4.3.1	NA	A
NC_000962.3	3038566	3038566	Napier_2020	La1.5	NA	A
NC_000962.3	3048841	3048841	Napier_2020	4.6.4	NA	A
NC_000962.3	3072872	3072872	Napier_2020	La1.6	NA	A
NC_000962.3	3093941	3093941	Napier_2020	6.3.1	NA	G
NC_000962.3	3094577	3094577	Napier_2020	9	NA	A
NC_000962.3	3095342	3095342	Napier_2020	La1.2.BCG	NA	C
NC_000962.3	3097223	3097223	Napier_2020	5.1.4	NA	T
NC_000962.3	3108169	3108169	Napier_2020	6.2.1	NA	A
NC_000962.3	3129359	3129359	Napier_2020	4.1.1	NA	T
NC_000962.3	3141827	3141827	Napier_2020	4.2.2.2	NA	G
NC_000962.3	3147316	3147316	Napier_2020	1.2.2.2	NA	A
NC_000962.3	3147376	3147376	Napier_2020	4.4.1	NA	A
NC_000962.3	3147511	3147511	Napier_2020	2.2.2	NA	G
NC_000962.3	3147742	3147742	freschi_2020	4.1.i1.1	A	G
NC_000962.3	3153183	3153183	Napier_2020	6.3	NA	G
NC_000962.3	3168967	3168967	Napier_2020	4.8	NA	A
NC_000962.3	3170460	3170460	Napier_2020	4.6	NA	T
NC_000962.3	3191027	3191027	Napier_2020	4.3	NA	A
NC_000962.3	3193575	3193575	Napier_2020	5.1	NA	T
NC_000962.3	3198496	3198496	Napier_2020	4.2	NA	A
NC_000962.3	3213255	3213255	Napier_2020	6	NA	T
NC_000962.3	3213615	3213615	Napier_2020	4.1.1.2	NA	A
NC_000962.3	3216553	3216553	coll_2014	1.1.1.1	G	A
NC_000962.3	3220222	3220222	Napier_2020	4.7	NA	A
NC_000962.3	3231091	3231091	Napier_2020	4.1.1	NA	A
NC_000962.3	3238748	3238748	Napier_2020	4.6.2.1	NA	A
NC_000962.3	3244324	3244324	Napier_2020	La1.3	NA	G
NC_000962.3	3244674	3244674	Napier_2020	4.3.4.1	NA	A
NC_000962.3	3253571	3253571	Napier_2020	4.1.1.3.1	NA	T
NC_000962.3	3259272	3259272	Napier_2020	4.2.2.1	NA	C
NC_000962.3	3270289	3270289	Napier_2020	4.7	NA	A
NC_000962.3	3273107	3273107	coll_2014	3	C	A
NC_000962.3	3285945	3285945	Napier_2020	4.3.4.1	NA	G
NC_000962.3	3293315	3293315	Napier_2020	4.6.2.1	NA	T
NC_000962.3	3309880	3309880	freschi_2020	2.1	G	A
NC_000962.3	3323665	3323665	Napier_2020	1.2.2.1	NA	A
NC_000962.3	3332626	3332626	Napier_2020	4.6.1.2	NA	T
NC_000962.3	3337585	3337585	Napier_2020	1.1.3.3	NA	A
NC_000962.3	3347070	3347070	Napier_2020	La1.8.1	NA	T
NC_000962.3	3347480	3347480	Napier_2020	4.4.1.1	NA	A
NC_000962.3	3348128	3348128	Napier_2020	6.3.3	NA	T
NC_000962.3	3348870	3348870	Napier_2020	4.8.1	NA	A
NC_000962.3	3349093	3349093	Napier_2020	4.4.1.2	NA	C
NC_000962.3	3354625	3354625	Napier_2020	4.6.2.2	NA	A
NC_000962.3	3360032	3360032	Napier_2020	4.3.1.1	NA	A
NC_000962.3	3360152	3360152	Napier_2020	4.6.2.2	NA	A
NC_000962.3	3363401	3363401	Napier_2020	6.3.3	NA	A
NC_000962.3	3367765	3367765	Napier_2020	4.9	NA	G
NC_000962.3	3368284	3368284	Napier_2020	5.1.1	NA	T
NC_000962.3	3368415	3368415	Napier_2020	6.2.2	NA	A
NC_000962.3	3370805	3370805	Napier_2020	9	NA	C
NC_000962.3	3383966	3383966	Napier_2020	4.2.2	NA	C
NC_000962.3	3387252	3387252	Napier_2020	1.2.1.1	NA	A
NC_000962.3	3388166	3388166	coll_2014	4.3.2.1	C	G
NC_000962.3	3389922	3389922	Napier_2020	4.8.1	NA	G
NC_000962.3	3389975	3389975	freschi_2020	1.1.3.i1	T	C
NC_000962.3	3396569	3396569	Napier_2020	La3	NA	A
NC_000962.3	3402590	3402590	Napier_2020	6.1.2	NA	A
NC_000962.3	3404883	3404883	Napier_2020	4.8.2	NA	A
NC_000962.3	3414553	3414553	Napier_2020	9	NA	A
NC_000962.3	3414791	3414791	freschi_2020	4.3.i2	G	C
NC_000962.3	3414791	3414791	Napier_2020	4.3.2	NA	C
NC_000962.3	3416734	3416734	Napier_2020	4.2.2.2	NA	A
NC_000962.3	3418330	3418330	Napier_2020	4.3	NA	A
NC_000962.3	3419560	3419560	Napier_2020	4.4	NA	T
NC_000962.3	3423184	3423184	Napier_2020	4.3.3	NA	T
NC_000962.3	3423939	3423939	Napier_2020	La1.2.BCG	NA	A
NC_000962.3	3433140	3433140	Napier_2020	6.3.3	NA	A
NC_000962.3	3464053	3464053	Napier_2020	4.1.1.1	NA	A
NC_000962.3	3466426	3466426	coll_2014	4.6	G	A
NC_000962.3	3469694	3469694	Napier_2020	4.2	NA	T
NC_000962.3	3470377	3470377	coll_2014	1.2.2	C	T
NC_000962.3	3471151	3471151	Napier_2020	4.2.1	NA	A
NC_000962.3	3479545	3479545	coll_2014	1.2.1	C	A
NC_000962.3	3488812	3488812	Napier_2020	6.1.1	NA	T
NC_000962.3	3497369	3497369	Napier_2020	4.2.2.2	NA	A
NC_000962.3	3498198	3498198	Napier_2020	2.2.1	NA	T
NC_000962.3	3504930	3504930	Napier_2020	4.3.4.2	NA	T
NC_000962.3	3557911	3557911	Napier_2020	3.1.2.1	NA	T
NC_000962.3	3562270	3562270	Napier_2020	4.6.1.1	NA	C
NC_000962.3	3570528	3570528	coll_2014	4.6.2.1	C	G
NC_000962.3	3575552	3575552	Napier_2020	4.1.1.3.1	NA	A
NC_000962.3	3577779	3577779	Napier_2020	La3	NA	A
NC_000962.3	3579166	3579166	Napier_2020	4.2.2.1	NA	G
NC_000962.3	3580670	3580670	Napier_2020	5.1.1	NA	T
NC_000962.3	3581187	3581187	Napier_2020	La1.1	NA	A
NC_000962.3	3603865	3603865	Napier_2020	6.1.2	NA	T
NC_000962.3	3608514	3608514	Napier_2020	4.4	NA	A
NC_000962.3	3612009	3612009	Napier_2020	4.3.4	NA	T
NC_000962.3	3619854	3619854	Napier_2020	1.2.1.2.1	NA	G
NC_000962.3	3628520	3628520	freschi_2020	2.2	G	A
NC_000962.3	3629291	3629291	Napier_2020	3.1.2.2	NA	G
NC_000962.3	3629612	3629612	Napier_2020	1.2.1.2	NA	A
NC_000962.3	3643392	3643392	Napier_2020	4.3.3	NA	T
NC_000962.3	3646964	3646964	Napier_2020	4.2.1	NA	G
NC_000962.3	3664135	3664135	Napier_2020	4.4.1	NA	A
NC_000962.3	3666905	3666905	Napier_2020	4.2	NA	T
NC_000962.3	3676093	3676093	Napier_2020	La1.8.X-unk6	NA	T
NC_000962.3	3720207	3720207	Napier_2020	La1.7.1	NA	T
NC_000962.3	3722702	3722702	coll_2014	3.1.2	G	C
NC_000962.3	3722702	3722702	Napier_2020	3.1.2	NA	C
NC_000962.3	3770449	3770449	Napier_2020	La3	NA	A
NC_000962.3	3787156	3787156	Napier_2020	1.2.2.1	NA	A
NC_000962.3	3813473	3813473	Napier_2020	4.4.1	NA	A
NC_000962.3	3823159	3823159	Napier_2020	4.9	NA	A
NC_000962.3	3830348	3830348	Napier_2020	La3	NA	C
NC_000962.3	3830695	3830695	Napier_2020	4	NA	A
NC_000962.3	3836274	3836274	coll_2014	2.2.1.2	G	A
NC_000962.3	3836739	3836739	coll_2014	4.8	G	A
NC_000962.3	3849394	3849394	Napier_2020	La1.4	NA	A
NC_000962.3	3855303	3855303	Napier_2020	9	NA	A
NC_000962.3	3862148	3862148	Napier_2020	6	NA	A
NC_000962.3	3862181	3862181	Napier_2020	1.2.1.2	NA	T
NC_000962.3	3863545	3863545	Napier_2020	4.8.3	NA	A
NC_000962.3	3865539	3865539	Napier_2020	4.1.1.3.1	NA	C
NC_000962.3	3877256	3877256	Napier_2020	La1	NA	T
NC_000962.3	3879882	3879882	Napier_2020	1.1.2	NA	A
NC_000962.3	3886878	3886878	Napier_2020	4.4.2	NA	C
NC_000962.3	3893139	3893139	Napier_2020	5.1.4	NA	A
NC_000962.3	3918067	3918067	Napier_2020	6.1.1	NA	C
NC_000962.3	3955404	3955404	Napier_2020	6.1.1	NA	A
NC_000962.3	3977226	3977226	coll_2014	4.3.4	G	A
NC_000962.3	4001041	4001041	Napier_2020	6.2.1	NA	A
NC_000962.3	4004036	4004036	Napier_2020	4.4	NA	T
NC_000962.3	4024368	4024368	Napier_2020	1.2.1.2	NA	T
NC_000962.3	4028292	4028292	Napier_2020	4.8	NA	T
NC_000962.3	4030259	4030259	Napier_2020	La1.8.1	NA	G
NC_000962.3	4043365	4043365	Napier_2020	4.3.4.2	NA	T
NC_000962.3	4044872	4044872	freschi_2020	3.1	G	A
NC_000962.3	4047843	4047843	Napier_2020	4.3.1	NA	T
NC_000962.3	4051663	4051663	Napier_2020	4.6.4	NA	T
NC_000962.3	4053713	4053713	Napier_2020	3.1.2.1	NA	G
NC_000962.3	4054364	4054364	Napier_2020	1.1	NA	T
NC_000962.3	4055217	4055217	Napier_2020	6.1.3	NA	A
NC_000962.3	4064552	4064552	Napier_2020	6.1.2	NA	G
NC_000962.3	4065300	4065300	Napier_2020	3.1.1	NA	T
NC_000962.3	4080525	4080525	Napier_2020	2.2.1.1	NA	T
NC_000962.3	4084405	4084405	Napier_2020	1.1.3.2	NA	A
NC_000962.3	4086697	4086697	Napier_2020	6	NA	T
NC_000962.3	4112595	4112595	Napier_2020	4.7	NA	A
NC_000962.3	4114819	4114819	Napier_2020	La1.7.1	NA	C
NC_000962.3	4125058	4125058	coll_2014	4.6.2	G	C
NC_000962.3	4127646	4127646	Napier_2020	6.1.3	NA	A
NC_000962.3	4132949	4132949	Napier_2020	3.1.2	NA	T
NC_000962.3	4151558	4151558	coll_2014	4.4.1	G	A
NC_000962.3	4152890	4152890	freschi_2020	4.5	G	A
NC_000962.3	4153340	4153340	freschi_2020	2.2.1.1.2	G	A
NC_000962.3	4154051	4154051	Napier_2020	4.1.1.3	NA	A
NC_000962.3	4154816	4154816	Napier_2020	1.1.3.2	NA	A
NC_000962.3	4155050	4155050	freschi_2020	4.6.1.1	G	A
NC_000962.3	4155799	4155799	Napier_2020	La1.1	NA	A
NC_000962.3	4157259	4157259	Napier_2020	1.1.2	NA	A
NC_000962.3	4158493	4158493	Napier_2020	2.2.1	NA	T
NC_000962.3	4160371	4160371	shitikov_2017	2.2.1	C	A
NC_000962.3	4165205	4165205	Napier_2020	4.9.1	NA	T
NC_000962.3	4165481	4165481	Napier_2020	2.1	NA	C
NC_000962.3	4170990	4170990	Napier_2020	6.2.3	NA	A
NC_000962.3	4192677	4192677	Napier_2020	6.1.1	NA	A
NC_000962.3	4193069	4193069	Napier_2020	La1.3	NA	A
NC_000962.3	4198060	4198060	Napier_2020	6.1.3	NA	C
NC_000962.3	4199739	4199739	Napier_2020	4.2.1	NA	T
NC_000962.3	4200993	4200993	Napier_2020	1.2.2.2	NA	G
NC_000962.3	4204696	4204696	Napier_2020	La1.8.2	NA	A
NC_000962.3	4215467	4215467	freschi_2020	4.6.1	G	A
NC_000962.3	4228101	4228101	Napier_2020	4.1.3	NA	T
NC_000962.3	4229087	4229087	coll_2014	4.1.1.3	C	T
NC_000962.3	4229087	4229087	Napier_2020	4.1.1.3	NA	T
NC_000962.3	4236891	4236891	Napier_2020	6	NA	A
NC_000962.3	4236903	4236903	Napier_2020	4.6.4	NA	A
NC_000962.3	4237383	4237383	Napier_2020	1.2.1.2	NA	A
NC_000962.3	4237703	4237703	freschi_2020	1.2.1.2	A	G
NC_000962.3	4238120	4238120	Napier_2020	1.2.2	NA	A
NC_000962.3	4238675	4238675	freschi_2020	2.2.1.1.1.i3	C	T
NC_000962.3	4238963	4238963	freschi_2020	4.4	C	T
NC_000962.3	4238963	4238963	Napier_2020	4.4	NA	T
NC_000962.3	4246508	4246508	coll_2014	4.4.2	G	A
NC_000962.3	4248115	4248115	coll_2014	2.2.1.1	C	T
NC_000962.3	4249732	4249732	coll_2014	4.7	C	G
NC_000962.3	4254431	4254431	Napier_2020	2	NA	A
NC_000962.3	4256758	4256758	Napier_2020	4.1.2.1	NA	C
NC_000962.3	4260268	4260268	coll_2014	4.6.1	G	C
NC_000962.3	4260268	4260268	Napier_2020	4.6.1	NA	C
NC_000962.3	4260742	4260742	freschi_2020	4.6.2.1.1	G	A
NC_000962.3	4260742	4260742	Napier_2020	4.6.2	NA	A
NC_000962.3	4268186	4268186	Napier_2020	6.3.2	NA	A
NC_000962.3	4268477	4268477	Napier_2020	6.3	NA	A
NC_000962.3	4268525	4268525	Napier_2020	6.1.2	NA	G
NC_000962.3	4269540	4269540	Napier_2020	4.1.1.3.1	NA	A
NC_000962.3	4272744	4272744	freschi_2020	3.1.1.i1	G	A
NC_000962.3	4273842	4273842	Napier_2020	4.3.4.2.1	NA	C
NC_000962.3	4280708	4280708	shitikov_2017	2.2	G	A
NC_000962.3	4286156	4286156	Napier_2020	1.1	NA	C
NC_000962.3	4294320	4294320	Napier_2020	6.1.1	NA	G
NC_000962.3	4297210	4297210	Napier_2020	La1.8.2	NA	G
NC_000962.3	4298106	4298106	Napier_2020	4.2.2.2	NA	A
NC_000962.3	4307886	4307886	coll_2014	4.4	G	A
NC_000962.3	4308395	4308395	Napier_2020	2	NA	A
NC_000962.3	4309281	4309281	Napier_2020	La1.2	NA	T
NC_000962.3	4316114	4316114	coll_2014	4.3.2	G	A
NC_000962.3	4331585	4331585	Napier_2020	4.1.2.1	NA	A
NC_000962.3	4332755	4332755	Napier_2020	6.2.3	NA	T
NC_000962.3	4357503	4357503	Napier_2020	La1.1	NA	G
NC_000962.3	4373475	4373475	Napier_2020	4.3.4.2	NA	G
NC_000962.3	4380236	4380236	Napier_2020	4.3.4.2.1	NA	G
NC_000962.3	4382534	4382534	Napier_2020	5.1.4	NA	C
NC_000962.3	4390753	4390753	Napier_2020	4.3.3	NA	G
NC_000962.3	4391579	4391579	Napier_2020	4.7	NA	G
NC_000962.3	4391663	4391663	Napier_2020	4.1.4	NA	A
NC_000962.3	4392120	4392120	Napier_2020	4.4.1.2	NA	A
NC_000962.3	4396495	4396495	Napier_2020	3	NA	A
NC_000962.3	4398141	4398141	coll_2014	4.3.4.1	G	A
NC_000962.3	4402048	4402048	Napier_2020	1.2.1.1	NA	T
NC_000962.3	4404247	4404247	coll_2014	1.1	G	A
NC_000962.3	4404313	4404313	Napier_2020	4.1.2.1.1	NA	A
NC_000962.3	4406749	4406749	Napier_2020	4.6.1.1	NA	A
